关卡,关卡序号,配置序号,单位名称,单位原生ID,单位等级,标签,装备槽,装备中文名,装备原生ID,配置路径
ch05,5,1,斧王,npc_dota_hero_axe,8,elite,1,相位鞋,item_phase_boots,levels/ch05/enemies/1/items/1
ch05,5,1,斧王,npc_dota_hero_axe,8,elite,2,闪烁匕首,item_blink,levels/ch05/enemies/1/items/2
ch05,5,1,斧王,npc_dota_hero_axe,8,elite,3,魔杖,item_magic_wand,levels/ch05/enemies/1/items/3
ch05,5,2,卓尔游侠,npc_dota_hero_drow_ranger,8,hero,1,动力鞋,item_power_treads,levels/ch05/enemies/2/items/1
ch05,5,2,卓尔游侠,npc_dota_hero_drow_ranger,8,hero,2,魔龙枪,item_dragon_lance,levels/ch05/enemies/2/items/2
ch05,5,2,卓尔游侠,npc_dota_hero_drow_ranger,8,hero,3,魔杖,item_magic_wand,levels/ch05/enemies/2/items/3
ch05,5,3,水晶室女,npc_dota_hero_crystal_maiden,8,hero,1,奥术鞋,item_arcane_boots,levels/ch05/enemies/3/items/1
ch05,5,3,水晶室女,npc_dota_hero_crystal_maiden,8,hero,2,微光披风,item_glimmer_cape,levels/ch05/enemies/3/items/2
ch05,5,3,水晶室女,npc_dota_hero_crystal_maiden,8,hero,3,魔杖,item_magic_wand,levels/ch05/enemies/3/items/3
ch07,7,1,龙骑士,npc_dota_hero_dragon_knight,10,hero,1,动力鞋,item_power_treads,levels/ch07/enemies/1/items/1
ch07,7,1,龙骑士,npc_dota_hero_dragon_knight,10,hero,2,闪烁匕首,item_blink,levels/ch07/enemies/1/items/2
ch07,7,1,龙骑士,npc_dota_hero_dragon_knight,10,hero,3,莫尔迪基安的臂章,item_armlet,levels/ch07/enemies/1/items/3
ch07,7,1,龙骑士,npc_dota_hero_dragon_knight,10,hero,4,魔杖,item_magic_wand,levels/ch07/enemies/1/items/4
ch07,7,2,狙击手,npc_dota_hero_sniper,10,hero,1,动力鞋,item_power_treads,levels/ch07/enemies/2/items/1
ch07,7,2,狙击手,npc_dota_hero_sniper,10,hero,2,漩涡,item_maelstrom,levels/ch07/enemies/2/items/2
ch07,7,2,狙击手,npc_dota_hero_sniper,10,hero,3,魔龙枪,item_dragon_lance,levels/ch07/enemies/2/items/3
ch07,7,2,狙击手,npc_dota_hero_sniper,10,hero,4,魔杖,item_magic_wand,levels/ch07/enemies/2/items/4
ch07,7,3,巫医,npc_dota_hero_witch_doctor,10,hero,1,奥术鞋,item_arcane_boots,levels/ch07/enemies/3/items/1
ch07,7,3,巫医,npc_dota_hero_witch_doctor,10,hero,2,微光披风,item_glimmer_cape,levels/ch07/enemies/3/items/2
ch07,7,3,巫医,npc_dota_hero_witch_doctor,10,hero,3,阿哈利姆神杖,item_ultimate_scepter,levels/ch07/enemies/3/items/3
ch07,7,3,巫医,npc_dota_hero_witch_doctor,10,hero,4,魔杖,item_magic_wand,levels/ch07/enemies/3/items/4
ch08,8,1,哈斯卡,npc_dota_hero_huskar,11,hero,1,动力鞋,item_power_treads,levels/ch08/enemies/1/items/1
ch08,8,1,哈斯卡,npc_dota_hero_huskar,11,hero,2,莫尔迪基安的臂章,item_armlet,levels/ch08/enemies/1/items/2
ch08,8,1,哈斯卡,npc_dota_hero_huskar,11,hero,3,天堂之戟,item_heavens_halberd,levels/ch08/enemies/1/items/3
ch08,8,1,哈斯卡,npc_dota_hero_huskar,11,hero,4,魔杖,item_magic_wand,levels/ch08/enemies/1/items/4
ch08,8,2,克林克兹,npc_dota_hero_clinkz,11,hero,1,动力鞋,item_power_treads,levels/ch08/enemies/2/items/1
ch08,8,2,克林克兹,npc_dota_hero_clinkz,11,hero,2,黯灭,item_desolator,levels/ch08/enemies/2/items/2
ch08,8,2,克林克兹,npc_dota_hero_clinkz,11,hero,3,魔龙枪,item_dragon_lance,levels/ch08/enemies/2/items/3
ch08,8,2,克林克兹,npc_dota_hero_clinkz,11,hero,4,魔杖,item_magic_wand,levels/ch08/enemies/2/items/4
ch08,8,3,神谕者,npc_dota_hero_oracle,11,hero,1,奥术鞋,item_arcane_boots,levels/ch08/enemies/3/items/1
ch08,8,3,神谕者,npc_dota_hero_oracle,11,hero,2,微光披风,item_glimmer_cape,levels/ch08/enemies/3/items/2
ch08,8,3,神谕者,npc_dota_hero_oracle,11,hero,3,闪烁匕首,item_blink,levels/ch08/enemies/3/items/3
ch08,8,3,神谕者,npc_dota_hero_oracle,11,hero,4,魔杖,item_magic_wand,levels/ch08/enemies/3/items/4
ch09,9,1,沙王,npc_dota_hero_sand_king,12,hero,1,奥术鞋,item_arcane_boots,levels/ch09/enemies/1/items/1
ch09,9,1,沙王,npc_dota_hero_sand_king,12,hero,2,闪烁匕首,item_blink,levels/ch09/enemies/1/items/2
ch09,9,1,沙王,npc_dota_hero_sand_king,12,hero,3,阿哈利姆神杖,item_ultimate_scepter,levels/ch09/enemies/1/items/3
ch09,9,1,沙王,npc_dota_hero_sand_king,12,hero,4,魔杖,item_magic_wand,levels/ch09/enemies/1/items/4
ch09,9,2,幻影刺客,npc_dota_hero_phantom_assassin,12,hero,1,动力鞋,item_power_treads,levels/ch09/enemies/2/items/1
ch09,9,2,幻影刺客,npc_dota_hero_phantom_assassin,12,hero,2,黯灭,item_desolator,levels/ch09/enemies/2/items/2
ch09,9,2,幻影刺客,npc_dota_hero_phantom_assassin,12,hero,3,碎颅锤,item_basher,levels/ch09/enemies/2/items/3
ch09,9,2,幻影刺客,npc_dota_hero_phantom_assassin,12,hero,4,魔杖,item_magic_wand,levels/ch09/enemies/2/items/4
ch09,9,3,戴泽,npc_dota_hero_dazzle,12,hero,1,奥术鞋,item_arcane_boots,levels/ch09/enemies/3/items/1
ch09,9,3,戴泽,npc_dota_hero_dazzle,12,hero,2,微光披风,item_glimmer_cape,levels/ch09/enemies/3/items/2
ch09,9,3,戴泽,npc_dota_hero_dazzle,12,hero,3,原力法杖,item_force_staff,levels/ch09/enemies/3/items/3
ch09,9,3,戴泽,npc_dota_hero_dazzle,12,hero,4,魔杖,item_magic_wand,levels/ch09/enemies/3/items/4
ch10,10,1,半人马战行者,npc_dota_hero_centaur,14,boss,1,相位鞋,item_phase_boots,levels/ch10/enemies/1/items/1
ch10,10,1,半人马战行者,npc_dota_hero_centaur,14,boss,2,闪烁匕首,item_blink,levels/ch10/enemies/1/items/2
ch10,10,1,半人马战行者,npc_dota_hero_centaur,14,boss,3,恐鳌之心,item_heart,levels/ch10/enemies/1/items/3
ch10,10,1,半人马战行者,npc_dota_hero_centaur,14,boss,4,洞察烟斗,item_pipe,levels/ch10/enemies/1/items/4
ch12,12,1,潮汐猎人,npc_dota_hero_tidehunter,16,hero,1,奥术鞋,item_arcane_boots,levels/ch12/enemies/1/items/1
ch12,12,1,潮汐猎人,npc_dota_hero_tidehunter,16,hero,2,闪烁匕首,item_blink,levels/ch12/enemies/1/items/2
ch12,12,1,潮汐猎人,npc_dota_hero_tidehunter,16,hero,3,阿哈利姆神杖,item_ultimate_scepter,levels/ch12/enemies/1/items/3
ch12,12,1,潮汐猎人,npc_dota_hero_tidehunter,16,hero,4,洞察烟斗,item_pipe,levels/ch12/enemies/1/items/4
ch12,12,2,斯温,npc_dota_hero_sven,16,hero,1,动力鞋,item_power_treads,levels/ch12/enemies/2/items/1
ch12,12,2,斯温,npc_dota_hero_sven,16,hero,2,回音战刃,item_echo_sabre,levels/ch12/enemies/2/items/2
ch12,12,2,斯温,npc_dota_hero_sven,16,hero,3,闪烁匕首,item_blink,levels/ch12/enemies/2/items/3
ch12,12,2,斯温,npc_dota_hero_sven,16,hero,4,黑皇杖,item_black_king_bar,levels/ch12/enemies/2/items/4
ch12,12,3,莉娜,npc_dota_hero_lina,16,hero,1,奥术鞋,item_arcane_boots,levels/ch12/enemies/3/items/1
ch12,12,3,莉娜,npc_dota_hero_lina,16,hero,2,散慧对剑,item_kaya_and_sange,levels/ch12/enemies/3/items/2
ch12,12,3,莉娜,npc_dota_hero_lina,16,hero,3,阿哈利姆神杖,item_ultimate_scepter,levels/ch12/enemies/3/items/3
ch12,12,3,莉娜,npc_dota_hero_lina,16,hero,4,黑皇杖,item_black_king_bar,levels/ch12/enemies/3/items/4
ch12,12,4,莱恩,npc_dota_hero_lion,16,hero,1,奥术鞋,item_arcane_boots,levels/ch12/enemies/4/items/1
ch12,12,4,莱恩,npc_dota_hero_lion,16,hero,2,闪烁匕首,item_blink,levels/ch12/enemies/4/items/2
ch12,12,4,莱恩,npc_dota_hero_lion,16,hero,3,原力法杖,item_force_staff,levels/ch12/enemies/4/items/3
ch12,12,4,莱恩,npc_dota_hero_lion,16,hero,4,微光披风,item_glimmer_cape,levels/ch12/enemies/4/items/4
ch13,13,1,钢背兽,npc_dota_hero_bristleback,17,hero,1,相位鞋,item_phase_boots,levels/ch13/enemies/1/items/1
ch13,13,1,钢背兽,npc_dota_hero_bristleback,17,hero,2,血精石,item_bloodstone,levels/ch13/enemies/1/items/2
ch13,13,1,钢背兽,npc_dota_hero_bristleback,17,hero,3,散夜对剑,item_sange_and_yasha,levels/ch13/enemies/1/items/3
ch13,13,1,钢背兽,npc_dota_hero_bristleback,17,hero,4,清莲宝珠,item_lotus_orb,levels/ch13/enemies/1/items/4
ch13,13,2,剃刀,npc_dota_hero_razor,17,hero,1,动力鞋,item_power_treads,levels/ch13/enemies/2/items/1
ch13,13,2,剃刀,npc_dota_hero_razor,17,hero,2,夜叉,item_yasha,levels/ch13/enemies/2/items/2
ch13,13,2,剃刀,npc_dota_hero_razor,17,hero,3,黑皇杖,item_black_king_bar,levels/ch13/enemies/2/items/3
ch13,13,2,剃刀,npc_dota_hero_razor,17,hero,4,撒旦之邪力,item_satanic,levels/ch13/enemies/2/items/4
ch13,13,3,冥界亚龙,npc_dota_hero_viper,17,hero,1,动力鞋,item_power_treads,levels/ch13/enemies/3/items/1
ch13,13,3,冥界亚龙,npc_dota_hero_viper,17,hero,2,魔龙枪,item_dragon_lance,levels/ch13/enemies/3/items/2
ch13,13,3,冥界亚龙,npc_dota_hero_viper,17,hero,3,夜叉,item_yasha,levels/ch13/enemies/3/items/3
ch13,13,3,冥界亚龙,npc_dota_hero_viper,17,hero,4,黑皇杖,item_black_king_bar,levels/ch13/enemies/3/items/4
ch13,13,4,暗影萨满,npc_dota_hero_shadow_shaman,17,hero,1,奥术鞋,item_arcane_boots,levels/ch13/enemies/4/items/1
ch13,13,4,暗影萨满,npc_dota_hero_shadow_shaman,17,hero,2,闪烁匕首,item_blink,levels/ch13/enemies/4/items/2
ch13,13,4,暗影萨满,npc_dota_hero_shadow_shaman,17,hero,3,以太透镜,item_aether_lens,levels/ch13/enemies/4/items/3
ch13,13,4,暗影萨满,npc_dota_hero_shadow_shaman,17,hero,4,黑皇杖,item_black_king_bar,levels/ch13/enemies/4/items/4
ch14,14,1,斯拉达,npc_dota_hero_slardar,18,hero,1,动力鞋,item_power_treads,levels/ch14/enemies/1/items/1
ch14,14,1,斯拉达,npc_dota_hero_slardar,18,hero,2,闪烁匕首,item_blink,levels/ch14/enemies/1/items/2
ch14,14,1,斯拉达,npc_dota_hero_slardar,18,hero,3,回音战刃,item_echo_sabre,levels/ch14/enemies/1/items/3
ch14,14,1,斯拉达,npc_dota_hero_slardar,18,hero,4,黑皇杖,item_black_king_bar,levels/ch14/enemies/1/items/4
ch14,14,1,斯拉达,npc_dota_hero_slardar,18,hero,5,阿哈利姆神杖,item_ultimate_scepter,levels/ch14/enemies/1/items/5
ch14,14,2,露娜,npc_dota_hero_luna,18,hero,1,动力鞋,item_power_treads,levels/ch14/enemies/2/items/1
ch14,14,2,露娜,npc_dota_hero_luna,18,hero,2,夜叉,item_yasha,levels/ch14/enemies/2/items/2
ch14,14,2,露娜,npc_dota_hero_luna,18,hero,3,黑皇杖,item_black_king_bar,levels/ch14/enemies/2/items/3
ch14,14,2,露娜,npc_dota_hero_luna,18,hero,4,蝴蝶,item_butterfly,levels/ch14/enemies/2/items/4
ch14,14,2,露娜,npc_dota_hero_luna,18,hero,5,撒旦之邪力,item_satanic,levels/ch14/enemies/2/items/5
ch14,14,3,矮人直升机,npc_dota_hero_gyrocopter,18,hero,1,动力鞋,item_power_treads,levels/ch14/enemies/3/items/1
ch14,14,3,矮人直升机,npc_dota_hero_gyrocopter,18,hero,2,阿哈利姆神杖,item_ultimate_scepter,levels/ch14/enemies/3/items/2
ch14,14,3,矮人直升机,npc_dota_hero_gyrocopter,18,hero,3,漩涡,item_maelstrom,levels/ch14/enemies/3/items/3
ch14,14,3,矮人直升机,npc_dota_hero_gyrocopter,18,hero,4,黑皇杖,item_black_king_bar,levels/ch14/enemies/3/items/4
ch14,14,3,矮人直升机,npc_dota_hero_gyrocopter,18,hero,5,代达罗斯之殇,item_greater_crit,levels/ch14/enemies/3/items/5
ch14,14,4,术士,npc_dota_hero_warlock,18,hero,1,奥术鞋,item_arcane_boots,levels/ch14/enemies/4/items/1
ch14,14,4,术士,npc_dota_hero_warlock,18,hero,2,微光披风,item_glimmer_cape,levels/ch14/enemies/4/items/2
ch14,14,4,术士,npc_dota_hero_warlock,18,hero,3,阿哈利姆神杖,item_ultimate_scepter,levels/ch14/enemies/4/items/3
ch14,14,4,术士,npc_dota_hero_warlock,18,hero,4,原力法杖,item_force_staff,levels/ch14/enemies/4/items/4
ch14,14,4,术士,npc_dota_hero_warlock,18,hero,5,黑皇杖,item_black_king_bar,levels/ch14/enemies/4/items/5
ch15,15,1,冥魂大帝,npc_dota_hero_skeleton_king,19,elite,1,相位鞋,item_phase_boots,levels/ch15/enemies/1/items/1
ch15,15,1,冥魂大帝,npc_dota_hero_skeleton_king,19,elite,2,莫尔迪基安的臂章,item_armlet,levels/ch15/enemies/1/items/2
ch15,15,1,冥魂大帝,npc_dota_hero_skeleton_king,19,elite,3,辉耀,item_radiance,levels/ch15/enemies/1/items/3
ch15,15,1,冥魂大帝,npc_dota_hero_skeleton_king,19,elite,4,闪烁匕首,item_blink,levels/ch15/enemies/1/items/4
ch15,15,1,冥魂大帝,npc_dota_hero_skeleton_king,19,elite,5,黑皇杖,item_black_king_bar,levels/ch15/enemies/1/items/5
ch15,15,2,血魔,npc_dota_hero_bloodseeker,19,hero,1,动力鞋,item_power_treads,levels/ch15/enemies/2/items/1
ch15,15,2,血魔,npc_dota_hero_bloodseeker,19,hero,2,漩涡,item_maelstrom,levels/ch15/enemies/2/items/2
ch15,15,2,血魔,npc_dota_hero_bloodseeker,19,hero,3,碎颅锤,item_basher,levels/ch15/enemies/2/items/3
ch15,15,2,血魔,npc_dota_hero_bloodseeker,19,hero,4,黑皇杖,item_black_king_bar,levels/ch15/enemies/2/items/4
ch15,15,2,血魔,npc_dota_hero_bloodseeker,19,hero,5,蝴蝶,item_butterfly,levels/ch15/enemies/2/items/5
ch15,15,3,斯拉克,npc_dota_hero_slark,19,hero,1,动力鞋,item_power_treads,levels/ch15/enemies/3/items/1
ch15,15,3,斯拉克,npc_dota_hero_slark,19,hero,2,净魂之刃,item_diffusal_blade,levels/ch15/enemies/3/items/2
ch15,15,3,斯拉克,npc_dota_hero_slark,19,hero,3,阿哈利姆神杖,item_ultimate_scepter,levels/ch15/enemies/3/items/3
ch15,15,3,斯拉克,npc_dota_hero_slark,19,hero,4,黑皇杖,item_black_king_bar,levels/ch15/enemies/3/items/4
ch15,15,3,斯拉克,npc_dota_hero_slark,19,hero,5,斯嘉蒂之眼,item_skadi,levels/ch15/enemies/3/items/5
ch15,15,4,巨魔战将,npc_dota_hero_troll_warlord,19,hero,1,动力鞋,item_power_treads,levels/ch15/enemies/4/items/1
ch15,15,4,巨魔战将,npc_dota_hero_troll_warlord,19,hero,2,狂战斧,item_bfury,levels/ch15/enemies/4/items/2
ch15,15,4,巨魔战将,npc_dota_hero_troll_warlord,19,hero,3,夜叉,item_yasha,levels/ch15/enemies/4/items/3
ch15,15,4,巨魔战将,npc_dota_hero_troll_warlord,19,hero,4,黑皇杖,item_black_king_bar,levels/ch15/enemies/4/items/4
ch15,15,4,巨魔战将,npc_dota_hero_troll_warlord,19,hero,5,撒旦之邪力,item_satanic,levels/ch15/enemies/4/items/5
ch15,15,5,杰奇洛,npc_dota_hero_jakiro,19,hero,1,奥术鞋,item_arcane_boots,levels/ch15/enemies/5/items/1
ch15,15,5,杰奇洛,npc_dota_hero_jakiro,19,hero,2,原力法杖,item_force_staff,levels/ch15/enemies/5/items/2
ch15,15,5,杰奇洛,npc_dota_hero_jakiro,19,hero,3,微光披风,item_glimmer_cape,levels/ch15/enemies/5/items/3
ch15,15,5,杰奇洛,npc_dota_hero_jakiro,19,hero,4,Eul的神圣法杖,item_cyclone,levels/ch15/enemies/5/items/4
ch15,15,5,杰奇洛,npc_dota_hero_jakiro,19,hero,5,阿哈利姆神杖,item_ultimate_scepter,levels/ch15/enemies/5/items/5
ch17,17,1,噬魂鬼,npc_dota_hero_life_stealer,21,hero,1,相位鞋,item_phase_boots,levels/ch17/enemies/1/items/1
ch17,17,1,噬魂鬼,npc_dota_hero_life_stealer,21,hero,2,莫尔迪基安的臂章,item_armlet,levels/ch17/enemies/1/items/2
ch17,17,1,噬魂鬼,npc_dota_hero_life_stealer,21,hero,3,辉耀,item_radiance,levels/ch17/enemies/1/items/3
ch17,17,1,噬魂鬼,npc_dota_hero_life_stealer,21,hero,4,散夜对剑,item_sange_and_yasha,levels/ch17/enemies/1/items/4
ch17,17,1,噬魂鬼,npc_dota_hero_life_stealer,21,hero,5,碎颅锤,item_basher,levels/ch17/enemies/1/items/5
ch17,17,2,熊战士,npc_dota_hero_ursa,21,hero,1,相位鞋,item_phase_boots,levels/ch17/enemies/2/items/1
ch17,17,2,熊战士,npc_dota_hero_ursa,21,hero,2,狂战斧,item_bfury,levels/ch17/enemies/2/items/2
ch17,17,2,熊战士,npc_dota_hero_ursa,21,hero,3,闪烁匕首,item_blink,levels/ch17/enemies/2/items/3
ch17,17,2,熊战士,npc_dota_hero_ursa,21,hero,4,黑皇杖,item_black_king_bar,levels/ch17/enemies/2/items/4
ch17,17,2,熊战士,npc_dota_hero_ursa,21,hero,5,碎颅锤,item_basher,levels/ch17/enemies/2/items/5
ch17,17,3,敌法师,npc_dota_hero_antimage,21,hero,1,动力鞋,item_power_treads,levels/ch17/enemies/3/items/1
ch17,17,3,敌法师,npc_dota_hero_antimage,21,hero,2,狂战斧,item_bfury,levels/ch17/enemies/3/items/2
ch17,17,3,敌法师,npc_dota_hero_antimage,21,hero,3,夜叉,item_yasha,levels/ch17/enemies/3/items/3
ch17,17,3,敌法师,npc_dota_hero_antimage,21,hero,4,碎颅锤,item_basher,levels/ch17/enemies/3/items/4
ch17,17,3,敌法师,npc_dota_hero_antimage,21,hero,5,斯嘉蒂之眼,item_skadi,levels/ch17/enemies/3/items/5
ch17,17,4,幻影长矛手,npc_dota_hero_phantom_lancer,21,hero,1,动力鞋,item_power_treads,levels/ch17/enemies/4/items/1
ch17,17,4,幻影长矛手,npc_dota_hero_phantom_lancer,21,hero,2,净魂之刃,item_diffusal_blade,levels/ch17/enemies/4/items/2
ch17,17,4,幻影长矛手,npc_dota_hero_phantom_lancer,21,hero,3,阿哈利姆神杖,item_ultimate_scepter,levels/ch17/enemies/4/items/3
ch17,17,4,幻影长矛手,npc_dota_hero_phantom_lancer,21,hero,4,夜叉,item_yasha,levels/ch17/enemies/4/items/4
ch17,17,4,幻影长矛手,npc_dota_hero_phantom_lancer,21,hero,5,斯嘉蒂之眼,item_skadi,levels/ch17/enemies/4/items/5
ch17,17,5,干扰者,npc_dota_hero_disruptor,21,hero,1,奥术鞋,item_arcane_boots,levels/ch17/enemies/5/items/1
ch17,17,5,干扰者,npc_dota_hero_disruptor,21,hero,2,闪烁匕首,item_blink,levels/ch17/enemies/5/items/2
ch17,17,5,干扰者,npc_dota_hero_disruptor,21,hero,3,微光披风,item_glimmer_cape,levels/ch17/enemies/5/items/3
ch17,17,5,干扰者,npc_dota_hero_disruptor,21,hero,4,阿哈利姆神杖,item_ultimate_scepter,levels/ch17/enemies/5/items/4
ch17,17,5,干扰者,npc_dota_hero_disruptor,21,hero,5,原力法杖,item_force_staff,levels/ch17/enemies/5/items/5
ch18,18,1,混沌骑士,npc_dota_hero_chaos_knight,22,hero,1,动力鞋,item_power_treads,levels/ch18/enemies/1/items/1
ch18,18,1,混沌骑士,npc_dota_hero_chaos_knight,22,hero,2,莫尔迪基安的臂章,item_armlet,levels/ch18/enemies/1/items/2
ch18,18,1,混沌骑士,npc_dota_hero_chaos_knight,22,hero,3,闪烁匕首,item_blink,levels/ch18/enemies/1/items/3
ch18,18,1,混沌骑士,npc_dota_hero_chaos_knight,22,hero,4,幻影斧,item_manta,levels/ch18/enemies/1/items/4
ch18,18,1,混沌骑士,npc_dota_hero_chaos_knight,22,hero,5,黑皇杖,item_black_king_bar,levels/ch18/enemies/1/items/5
ch18,18,1,混沌骑士,npc_dota_hero_chaos_knight,22,hero,6,恐鳌之心,item_heart,levels/ch18/enemies/1/items/6
ch18,18,2,圣堂刺客,npc_dota_hero_templar_assassin,22,hero,1,动力鞋,item_power_treads,levels/ch18/enemies/2/items/1
ch18,18,2,圣堂刺客,npc_dota_hero_templar_assassin,22,hero,2,黯灭,item_desolator,levels/ch18/enemies/2/items/2
ch18,18,2,圣堂刺客,npc_dota_hero_templar_assassin,22,hero,3,闪烁匕首,item_blink,levels/ch18/enemies/2/items/3
ch18,18,2,圣堂刺客,npc_dota_hero_templar_assassin,22,hero,4,黑皇杖,item_black_king_bar,levels/ch18/enemies/2/items/4
ch18,18,2,圣堂刺客,npc_dota_hero_templar_assassin,22,hero,5,代达罗斯之殇,item_greater_crit,levels/ch18/enemies/2/items/5
ch18,18,2,圣堂刺客,npc_dota_hero_templar_assassin,22,hero,6,飓风长戟,item_hurricane_pike,levels/ch18/enemies/2/items/6
ch18,18,3,影魔,npc_dota_hero_nevermore,22,hero,1,动力鞋,item_power_treads,levels/ch18/enemies/3/items/1
ch18,18,3,影魔,npc_dota_hero_nevermore,22,hero,2,飓风长戟,item_hurricane_pike,levels/ch18/enemies/3/items/2
ch18,18,3,影魔,npc_dota_hero_nevermore,22,hero,3,幻影斧,item_manta,levels/ch18/enemies/3/items/3
ch18,18,3,影魔,npc_dota_hero_nevermore,22,hero,4,黑皇杖,item_black_king_bar,levels/ch18/enemies/3/items/4
ch18,18,3,影魔,npc_dota_hero_nevermore,22,hero,5,代达罗斯之殇,item_greater_crit,levels/ch18/enemies/3/items/5
ch18,18,3,影魔,npc_dota_hero_nevermore,22,hero,6,撒旦之邪力,item_satanic,levels/ch18/enemies/3/items/6
ch18,18,4,死亡先知,npc_dota_hero_death_prophet,22,hero,1,奥术鞋,item_arcane_boots,levels/ch18/enemies/4/items/1
ch18,18,4,死亡先知,npc_dota_hero_death_prophet,22,hero,2,风之杖,item_wind_waker,levels/ch18/enemies/4/items/2
ch18,18,4,死亡先知,npc_dota_hero_death_prophet,22,hero,3,黑皇杖,item_black_king_bar,levels/ch18/enemies/4/items/3
ch18,18,4,死亡先知,npc_dota_hero_death_prophet,22,hero,4,散慧对剑,item_kaya_and_sange,levels/ch18/enemies/4/items/4
ch18,18,4,死亡先知,npc_dota_hero_death_prophet,22,hero,5,希瓦的守护,item_shivas_guard,levels/ch18/enemies/4/items/5
ch18,18,4,死亡先知,npc_dota_hero_death_prophet,22,hero,6,玲珑心,item_octarine_core,levels/ch18/enemies/4/items/6
ch18,18,5,复仇之魂,npc_dota_hero_vengefulspirit,22,hero,1,奥术鞋,item_arcane_boots,levels/ch18/enemies/5/items/1
ch18,18,5,复仇之魂,npc_dota_hero_vengefulspirit,22,hero,2,原力法杖,item_force_staff,levels/ch18/enemies/5/items/2
ch18,18,5,复仇之魂,npc_dota_hero_vengefulspirit,22,hero,3,微光披风,item_glimmer_cape,levels/ch18/enemies/5/items/3
ch18,18,5,复仇之魂,npc_dota_hero_vengefulspirit,22,hero,4,清莲宝珠,item_lotus_orb,levels/ch18/enemies/5/items/4
ch18,18,5,复仇之魂,npc_dota_hero_vengefulspirit,22,hero,5,阿哈利姆神杖,item_ultimate_scepter,levels/ch18/enemies/5/items/5
ch18,18,5,复仇之魂,npc_dota_hero_vengefulspirit,22,hero,6,永恒之盘,item_aeon_disk,levels/ch18/enemies/5/items/6
ch19,19,1,暗夜魔王,npc_dota_hero_night_stalker,23,hero,1,相位鞋,item_phase_boots,levels/ch19/enemies/1/items/1
ch19,19,1,暗夜魔王,npc_dota_hero_night_stalker,23,hero,2,闪烁匕首,item_blink,levels/ch19/enemies/1/items/2
ch19,19,1,暗夜魔王,npc_dota_hero_night_stalker,23,hero,3,鱼叉,item_harpoon,levels/ch19/enemies/1/items/3
ch19,19,1,暗夜魔王,npc_dota_hero_night_stalker,23,hero,4,黑皇杖,item_black_king_bar,levels/ch19/enemies/1/items/4
ch19,19,1,暗夜魔王,npc_dota_hero_night_stalker,23,hero,5,否决坠饰,item_nullifier,levels/ch19/enemies/1/items/5
ch19,19,1,暗夜魔王,npc_dota_hero_night_stalker,23,hero,6,强袭胸甲,item_assault,levels/ch19/enemies/1/items/6
ch19,19,2,瘟疫法师,npc_dota_hero_necrolyte,23,hero,1,奥术鞋,item_arcane_boots,levels/ch19/enemies/2/items/1
ch19,19,2,瘟疫法师,npc_dota_hero_necrolyte,23,hero,2,辉耀,item_radiance,levels/ch19/enemies/2/items/2
ch19,19,2,瘟疫法师,npc_dota_hero_necrolyte,23,hero,3,散慧对剑,item_kaya_and_sange,levels/ch19/enemies/2/items/3
ch19,19,2,瘟疫法师,npc_dota_hero_necrolyte,23,hero,4,黑皇杖,item_black_king_bar,levels/ch19/enemies/2/items/4
ch19,19,2,瘟疫法师,npc_dota_hero_necrolyte,23,hero,5,恐鳌之心,item_heart,levels/ch19/enemies/2/items/5
ch19,19,2,瘟疫法师,npc_dota_hero_necrolyte,23,hero,6,希瓦的守护,item_shivas_guard,levels/ch19/enemies/2/items/6
ch19,19,3,痛苦女王,npc_dota_hero_queenofpain,23,hero,1,动力鞋,item_power_treads,levels/ch19/enemies/3/items/1
ch19,19,3,痛苦女王,npc_dota_hero_queenofpain,23,hero,2,散慧对剑,item_kaya_and_sange,levels/ch19/enemies/3/items/2
ch19,19,3,痛苦女王,npc_dota_hero_queenofpain,23,hero,3,阿哈利姆神杖,item_ultimate_scepter,levels/ch19/enemies/3/items/3
ch19,19,3,痛苦女王,npc_dota_hero_queenofpain,23,hero,4,黑皇杖,item_black_king_bar,levels/ch19/enemies/3/items/4
ch19,19,3,痛苦女王,npc_dota_hero_queenofpain,23,hero,5,希瓦的守护,item_shivas_guard,levels/ch19/enemies/3/items/5
ch19,19,3,痛苦女王,npc_dota_hero_queenofpain,23,hero,6,玲珑心,item_octarine_core,levels/ch19/enemies/3/items/6
ch19,19,4,拉席克,npc_dota_hero_leshrac,23,hero,1,奥术鞋,item_arcane_boots,levels/ch19/enemies/4/items/1
ch19,19,4,拉席克,npc_dota_hero_leshrac,23,hero,2,血精石,item_bloodstone,levels/ch19/enemies/4/items/2
ch19,19,4,拉席克,npc_dota_hero_leshrac,23,hero,3,闪烁匕首,item_blink,levels/ch19/enemies/4/items/3
ch19,19,4,拉席克,npc_dota_hero_leshrac,23,hero,4,散慧对剑,item_kaya_and_sange,levels/ch19/enemies/4/items/4
ch19,19,4,拉席克,npc_dota_hero_leshrac,23,hero,5,黑皇杖,item_black_king_bar,levels/ch19/enemies/4/items/5
ch19,19,4,拉席克,npc_dota_hero_leshrac,23,hero,6,希瓦的守护,item_shivas_guard,levels/ch19/enemies/4/items/6
ch19,19,5,剧毒术士,npc_dota_hero_venomancer,23,hero,1,奥术鞋,item_arcane_boots,levels/ch19/enemies/5/items/1
ch19,19,5,剧毒术士,npc_dota_hero_venomancer,23,hero,2,魂之灵瓮,item_spirit_vessel,levels/ch19/enemies/5/items/2
ch19,19,5,剧毒术士,npc_dota_hero_venomancer,23,hero,3,原力法杖,item_force_staff,levels/ch19/enemies/5/items/3
ch19,19,5,剧毒术士,npc_dota_hero_venomancer,23,hero,4,微光披风,item_glimmer_cape,levels/ch19/enemies/5/items/4
ch19,19,5,剧毒术士,npc_dota_hero_venomancer,23,hero,5,阿哈利姆神杖,item_ultimate_scepter,levels/ch19/enemies/5/items/5
ch19,19,5,剧毒术士,npc_dota_hero_venomancer,23,hero,6,希瓦的守护,item_shivas_guard,levels/ch19/enemies/5/items/6
ch20,20,1,裂魂人,npc_dota_hero_spirit_breaker,24,boss,1,白银之锋,item_silver_edge,levels/ch20/enemies/1/items/1
ch20,20,1,裂魂人,npc_dota_hero_spirit_breaker,24,boss,2,阿哈利姆神杖,item_ultimate_scepter,levels/ch20/enemies/1/items/2
ch20,20,1,裂魂人,npc_dota_hero_spirit_breaker,24,boss,3,黑皇杖,item_black_king_bar,levels/ch20/enemies/1/items/3
ch20,20,1,裂魂人,npc_dota_hero_spirit_breaker,24,boss,4,玲珑心,item_octarine_core,levels/ch20/enemies/1/items/4
ch20,20,1,裂魂人,npc_dota_hero_spirit_breaker,24,boss,5,银月之晶,item_moon_shard,levels/ch20/enemies/1/items/5
ch20,20,1,裂魂人,npc_dota_hero_spirit_breaker,24,boss,6,银月之晶,item_moon_shard,levels/ch20/enemies/1/items/6
ch22,22,1,亚巴顿,npc_dota_hero_abaddon,26,hero,1,盛势闪光,item_overwhelming_blink,levels/ch22/enemies/1/items/1
ch22,22,1,亚巴顿,npc_dota_hero_abaddon,26,hero,2,辉耀,item_radiance,levels/ch22/enemies/1/items/2
ch22,22,1,亚巴顿,npc_dota_hero_abaddon,26,hero,3,幻影斧,item_manta,levels/ch22/enemies/1/items/3
ch22,22,1,亚巴顿,npc_dota_hero_abaddon,26,hero,4,深渊之刃,item_abyssal_blade,levels/ch22/enemies/1/items/4
ch22,22,1,亚巴顿,npc_dota_hero_abaddon,26,hero,5,强袭胸甲,item_assault,levels/ch22/enemies/1/items/5
ch22,22,1,亚巴顿,npc_dota_hero_abaddon,26,hero,6,鱼叉,item_harpoon,levels/ch22/enemies/1/items/6
ch22,22,2,狙击手,npc_dota_hero_sniper,26,hero,1,迅疾闪光,item_swift_blink,levels/ch22/enemies/2/items/1
ch22,22,2,狙击手,npc_dota_hero_sniper,26,hero,2,雷神之锤,item_mjollnir,levels/ch22/enemies/2/items/2
ch22,22,2,狙击手,npc_dota_hero_sniper,26,hero,3,飓风长戟,item_hurricane_pike,levels/ch22/enemies/2/items/3
ch22,22,2,狙击手,npc_dota_hero_sniper,26,hero,4,黑皇杖,item_black_king_bar,levels/ch22/enemies/2/items/4
ch22,22,2,狙击手,npc_dota_hero_sniper,26,hero,5,代达罗斯之殇,item_greater_crit,levels/ch22/enemies/2/items/5
ch22,22,2,狙击手,npc_dota_hero_sniper,26,hero,6,撒旦之邪力,item_satanic,levels/ch22/enemies/2/items/6
ch22,22,3,克林克兹,npc_dota_hero_clinkz,26,hero,1,迅疾闪光,item_swift_blink,levels/ch22/enemies/3/items/1
ch22,22,3,克林克兹,npc_dota_hero_clinkz,26,hero,2,黯灭,item_desolator,levels/ch22/enemies/3/items/2
ch22,22,3,克林克兹,npc_dota_hero_clinkz,26,hero,3,飓风长戟,item_hurricane_pike,levels/ch22/enemies/3/items/3
ch22,22,3,克林克兹,npc_dota_hero_clinkz,26,hero,4,黑皇杖,item_black_king_bar,levels/ch22/enemies/3/items/4
ch22,22,3,克林克兹,npc_dota_hero_clinkz,26,hero,5,代达罗斯之殇,item_greater_crit,levels/ch22/enemies/3/items/5
ch22,22,3,克林克兹,npc_dota_hero_clinkz,26,hero,6,阿哈利姆神杖,item_ultimate_scepter,levels/ch22/enemies/3/items/6
ch22,22,4,幻影刺客,npc_dota_hero_phantom_assassin,26,hero,1,迅疾闪光,item_swift_blink,levels/ch22/enemies/4/items/1
ch22,22,4,幻影刺客,npc_dota_hero_phantom_assassin,26,hero,2,黯灭,item_desolator,levels/ch22/enemies/4/items/2
ch22,22,4,幻影刺客,npc_dota_hero_phantom_assassin,26,hero,3,深渊之刃,item_abyssal_blade,levels/ch22/enemies/4/items/3
ch22,22,4,幻影刺客,npc_dota_hero_phantom_assassin,26,hero,4,黑皇杖,item_black_king_bar,levels/ch22/enemies/4/items/4
ch22,22,4,幻影刺客,npc_dota_hero_phantom_assassin,26,hero,5,撒旦之邪力,item_satanic,levels/ch22/enemies/4/items/5
ch22,22,4,幻影刺客,npc_dota_hero_phantom_assassin,26,hero,6,否决坠饰,item_nullifier,levels/ch22/enemies/4/items/6
ch22,22,5,天涯墨客,npc_dota_hero_grimstroke,26,hero,1,宽容之靴,item_boots_of_bearing,levels/ch22/enemies/5/items/1
ch22,22,5,天涯墨客,npc_dota_hero_grimstroke,26,hero,2,秘奥闪光,item_arcane_blink,levels/ch22/enemies/5/items/2
ch22,22,5,天涯墨客,npc_dota_hero_grimstroke,26,hero,3,玲珑心,item_octarine_core,levels/ch22/enemies/5/items/3
ch22,22,5,天涯墨客,npc_dota_hero_grimstroke,26,hero,4,微光披风,item_glimmer_cape,levels/ch22/enemies/5/items/4
ch22,22,5,天涯墨客,npc_dota_hero_grimstroke,26,hero,5,阿哈利姆神杖,item_ultimate_scepter,levels/ch22/enemies/5/items/5
ch22,22,5,天涯墨客,npc_dota_hero_grimstroke,26,hero,6,邪恶镰刀,item_sheepstick,levels/ch22/enemies/5/items/6
ch22,22,6,暗影恶魔,npc_dota_hero_shadow_demon,26,hero,1,宽容之靴,item_boots_of_bearing,levels/ch22/enemies/6/items/1
ch22,22,6,暗影恶魔,npc_dota_hero_shadow_demon,26,hero,2,秘奥闪光,item_arcane_blink,levels/ch22/enemies/6/items/2
ch22,22,6,暗影恶魔,npc_dota_hero_shadow_demon,26,hero,3,玲珑心,item_octarine_core,levels/ch22/enemies/6/items/3
ch22,22,6,暗影恶魔,npc_dota_hero_shadow_demon,26,hero,4,微光披风,item_glimmer_cape,levels/ch22/enemies/6/items/4
ch22,22,6,暗影恶魔,npc_dota_hero_shadow_demon,26,hero,5,阿哈利姆神杖,item_ultimate_scepter,levels/ch22/enemies/6/items/5
ch22,22,6,暗影恶魔,npc_dota_hero_shadow_demon,26,hero,6,永恒之盘,item_aeon_disk,levels/ch22/enemies/6/items/6
ch23,23,1,全能骑士,npc_dota_hero_omniknight,27,hero,1,卫士胫甲,item_guardian_greaves,levels/ch23/enemies/1/items/1
ch23,23,1,全能骑士,npc_dota_hero_omniknight,27,hero,2,清莲宝珠,item_lotus_orb,levels/ch23/enemies/1/items/2
ch23,23,1,全能骑士,npc_dota_hero_omniknight,27,hero,3,洞察烟斗,item_pipe,levels/ch23/enemies/1/items/3
ch23,23,1,全能骑士,npc_dota_hero_omniknight,27,hero,4,阿哈利姆神杖,item_ultimate_scepter,levels/ch23/enemies/1/items/4
ch23,23,1,全能骑士,npc_dota_hero_omniknight,27,hero,5,玲珑心,item_octarine_core,levels/ch23/enemies/1/items/5
ch23,23,1,全能骑士,npc_dota_hero_omniknight,27,hero,6,邪恶镰刀,item_sheepstick,levels/ch23/enemies/1/items/6
ch23,23,2,力丸,npc_dota_hero_riki,27,hero,1,迅疾闪光,item_swift_blink,levels/ch23/enemies/2/items/1
ch23,23,2,力丸,npc_dota_hero_riki,27,hero,2,散魂剑,item_disperser,levels/ch23/enemies/2/items/2
ch23,23,2,力丸,npc_dota_hero_riki,27,hero,3,幻影斧,item_manta,levels/ch23/enemies/2/items/3
ch23,23,2,力丸,npc_dota_hero_riki,27,hero,4,黑皇杖,item_black_king_bar,levels/ch23/enemies/2/items/4
ch23,23,2,力丸,npc_dota_hero_riki,27,hero,5,深渊之刃,item_abyssal_blade,levels/ch23/enemies/2/items/5
ch23,23,2,力丸,npc_dota_hero_riki,27,hero,6,蝴蝶,item_butterfly,levels/ch23/enemies/2/items/6
ch23,23,3,主宰,npc_dota_hero_juggernaut,27,hero,1,迅疾闪光,item_swift_blink,levels/ch23/enemies/3/items/1
ch23,23,3,主宰,npc_dota_hero_juggernaut,27,hero,2,雷神之锤,item_mjollnir,levels/ch23/enemies/3/items/2
ch23,23,3,主宰,npc_dota_hero_juggernaut,27,hero,3,幻影斧,item_manta,levels/ch23/enemies/3/items/3
ch23,23,3,主宰,npc_dota_hero_juggernaut,27,hero,4,深渊之刃,item_abyssal_blade,levels/ch23/enemies/3/items/4
ch23,23,3,主宰,npc_dota_hero_juggernaut,27,hero,5,蝴蝶,item_butterfly,levels/ch23/enemies/3/items/5
ch23,23,3,主宰,npc_dota_hero_juggernaut,27,hero,6,撒旦之邪力,item_satanic,levels/ch23/enemies/3/items/6
ch23,23,4,斯温,npc_dota_hero_sven,27,hero,1,盛势闪光,item_overwhelming_blink,levels/ch23/enemies/4/items/1
ch23,23,4,斯温,npc_dota_hero_sven,27,hero,2,鱼叉,item_harpoon,levels/ch23/enemies/4/items/2
ch23,23,4,斯温,npc_dota_hero_sven,27,hero,3,黑皇杖,item_black_king_bar,levels/ch23/enemies/4/items/3
ch23,23,4,斯温,npc_dota_hero_sven,27,hero,4,代达罗斯之殇,item_greater_crit,levels/ch23/enemies/4/items/4
ch23,23,4,斯温,npc_dota_hero_sven,27,hero,5,撒旦之邪力,item_satanic,levels/ch23/enemies/4/items/5
ch23,23,4,斯温,npc_dota_hero_sven,27,hero,6,强袭胸甲,item_assault,levels/ch23/enemies/4/items/6
ch23,23,5,祸乱之源,npc_dota_hero_bane,27,hero,1,宽容之靴,item_boots_of_bearing,levels/ch23/enemies/5/items/1
ch23,23,5,祸乱之源,npc_dota_hero_bane,27,hero,2,玲珑心,item_octarine_core,levels/ch23/enemies/5/items/2
ch23,23,5,祸乱之源,npc_dota_hero_bane,27,hero,3,阿哈利姆神杖,item_ultimate_scepter,levels/ch23/enemies/5/items/3
ch23,23,5,祸乱之源,npc_dota_hero_bane,27,hero,4,秘奥闪光,item_arcane_blink,levels/ch23/enemies/5/items/4
ch23,23,5,祸乱之源,npc_dota_hero_bane,27,hero,5,黑皇杖,item_black_king_bar,levels/ch23/enemies/5/items/5
ch23,23,5,祸乱之源,npc_dota_hero_bane,27,hero,6,微光披风,item_glimmer_cape,levels/ch23/enemies/5/items/6
ch23,23,6,沉默术士,npc_dota_hero_silencer,27,hero,1,宽容之靴,item_boots_of_bearing,levels/ch23/enemies/6/items/1
ch23,23,6,沉默术士,npc_dota_hero_silencer,27,hero,2,风之杖,item_wind_waker,levels/ch23/enemies/6/items/2
ch23,23,6,沉默术士,npc_dota_hero_silencer,27,hero,3,微光披风,item_glimmer_cape,levels/ch23/enemies/6/items/3
ch23,23,6,沉默术士,npc_dota_hero_silencer,27,hero,4,阿哈利姆神杖,item_ultimate_scepter,levels/ch23/enemies/6/items/4
ch23,23,6,沉默术士,npc_dota_hero_silencer,27,hero,5,刷新球,item_refresher,levels/ch23/enemies/6/items/5
ch23,23,6,沉默术士,npc_dota_hero_silencer,27,hero,6,永恒之盘,item_aeon_disk,levels/ch23/enemies/6/items/6
ch24,24,1,不朽尸王,npc_dota_hero_undying,28,hero,1,宽容之靴,item_boots_of_bearing,levels/ch24/enemies/1/items/1
ch24,24,1,不朽尸王,npc_dota_hero_undying,28,hero,2,秘奥闪光,item_arcane_blink,levels/ch24/enemies/1/items/2
ch24,24,1,不朽尸王,npc_dota_hero_undying,28,hero,3,微光披风,item_glimmer_cape,levels/ch24/enemies/1/items/3
ch24,24,1,不朽尸王,npc_dota_hero_undying,28,hero,4,黑皇杖,item_black_king_bar,levels/ch24/enemies/1/items/4
ch24,24,1,不朽尸王,npc_dota_hero_undying,28,hero,5,玲珑心,item_octarine_core,levels/ch24/enemies/1/items/5
ch24,24,1,不朽尸王,npc_dota_hero_undying,28,hero,6,阿哈利姆神杖,item_ultimate_scepter,levels/ch24/enemies/1/items/6
ch24,24,2,莉娜,npc_dota_hero_lina,28,hero,1,秘奥闪光,item_arcane_blink,levels/ch24/enemies/2/items/1
ch24,24,2,莉娜,npc_dota_hero_lina,28,hero,2,慧夜对剑,item_yasha_and_kaya,levels/ch24/enemies/2/items/2
ch24,24,2,莉娜,npc_dota_hero_lina,28,hero,3,阿哈利姆神杖,item_ultimate_scepter,levels/ch24/enemies/2/items/3
ch24,24,2,莉娜,npc_dota_hero_lina,28,hero,4,黑皇杖,item_black_king_bar,levels/ch24/enemies/2/items/4
ch24,24,2,莉娜,npc_dota_hero_lina,28,hero,5,邪恶镰刀,item_sheepstick,levels/ch24/enemies/2/items/5
ch24,24,2,莉娜,npc_dota_hero_lina,28,hero,6,希瓦的守护,item_shivas_guard,levels/ch24/enemies/2/items/6
ch24,24,3,剃刀,npc_dota_hero_razor,28,hero,1,迅疾闪光,item_swift_blink,levels/ch24/enemies/3/items/1
ch24,24,3,剃刀,npc_dota_hero_razor,28,hero,2,散夜对剑,item_sange_and_yasha,levels/ch24/enemies/3/items/2
ch24,24,3,剃刀,npc_dota_hero_razor,28,hero,3,黑皇杖,item_black_king_bar,levels/ch24/enemies/3/items/3
ch24,24,3,剃刀,npc_dota_hero_razor,28,hero,4,撒旦之邪力,item_satanic,levels/ch24/enemies/3/items/4
ch24,24,3,剃刀,npc_dota_hero_razor,28,hero,5,蝴蝶,item_butterfly,levels/ch24/enemies/3/items/5
ch24,24,3,剃刀,npc_dota_hero_razor,28,hero,6,希瓦的守护,item_shivas_guard,levels/ch24/enemies/3/items/6
ch24,24,4,冥界亚龙,npc_dota_hero_viper,28,hero,1,迅疾闪光,item_swift_blink,levels/ch24/enemies/4/items/1
ch24,24,4,冥界亚龙,npc_dota_hero_viper,28,hero,2,飓风长戟,item_hurricane_pike,levels/ch24/enemies/4/items/2
ch24,24,4,冥界亚龙,npc_dota_hero_viper,28,hero,3,幻影斧,item_manta,levels/ch24/enemies/4/items/3
ch24,24,4,冥界亚龙,npc_dota_hero_viper,28,hero,4,黑皇杖,item_black_king_bar,levels/ch24/enemies/4/items/4
ch24,24,4,冥界亚龙,npc_dota_hero_viper,28,hero,5,斯嘉蒂之眼,item_skadi,levels/ch24/enemies/4/items/5
ch24,24,4,冥界亚龙,npc_dota_hero_viper,28,hero,6,蝴蝶,item_butterfly,levels/ch24/enemies/4/items/6
ch24,24,5,树精卫士,npc_dota_hero_treant,28,hero,1,宽容之靴,item_boots_of_bearing,levels/ch24/enemies/5/items/1
ch24,24,5,树精卫士,npc_dota_hero_treant,28,hero,2,秘奥闪光,item_arcane_blink,levels/ch24/enemies/5/items/2
ch24,24,5,树精卫士,npc_dota_hero_treant,28,hero,3,风之杖,item_wind_waker,levels/ch24/enemies/5/items/3
ch24,24,5,树精卫士,npc_dota_hero_treant,28,hero,4,清莲宝珠,item_lotus_orb,levels/ch24/enemies/5/items/4
ch24,24,5,树精卫士,npc_dota_hero_treant,28,hero,5,阿哈利姆神杖,item_ultimate_scepter,levels/ch24/enemies/5/items/5
ch24,24,5,树精卫士,npc_dota_hero_treant,28,hero,6,刷新球,item_refresher,levels/ch24/enemies/5/items/6
ch24,24,6,魅惑魔女,npc_dota_hero_enchantress,28,hero,1,宽容之靴,item_boots_of_bearing,levels/ch24/enemies/6/items/1
ch24,24,6,魅惑魔女,npc_dota_hero_enchantress,28,hero,2,飓风长戟,item_hurricane_pike,levels/ch24/enemies/6/items/2
ch24,24,6,魅惑魔女,npc_dota_hero_enchantress,28,hero,3,风之杖,item_wind_waker,levels/ch24/enemies/6/items/3
ch24,24,6,魅惑魔女,npc_dota_hero_enchantress,28,hero,4,清莲宝珠,item_lotus_orb,levels/ch24/enemies/6/items/4
ch24,24,6,魅惑魔女,npc_dota_hero_enchantress,28,hero,5,阿哈利姆神杖,item_ultimate_scepter,levels/ch24/enemies/6/items/5
ch24,24,6,魅惑魔女,npc_dota_hero_enchantress,28,hero,6,黑皇杖,item_black_king_bar,levels/ch24/enemies/6/items/6
ch25,25,1,斧王,npc_dota_hero_axe,28,elite,1,强袭胸甲,item_assault,levels/ch25/enemies/1/items/1
ch25,25,1,斧王,npc_dota_hero_axe,28,elite,2,盛势闪光,item_overwhelming_blink,levels/ch25/enemies/1/items/2
ch25,25,1,斧王,npc_dota_hero_axe,28,elite,3,刃甲,item_blade_mail,levels/ch25/enemies/1/items/3
ch25,25,1,斧王,npc_dota_hero_axe,28,elite,4,黑皇杖,item_black_king_bar,levels/ch25/enemies/1/items/4
ch25,25,1,斧王,npc_dota_hero_axe,28,elite,5,恐鳌之心,item_heart,levels/ch25/enemies/1/items/5
ch25,25,1,斧王,npc_dota_hero_axe,28,elite,6,希瓦的守护,item_shivas_guard,levels/ch25/enemies/1/items/6
ch25,25,2,露娜,npc_dota_hero_luna,28,hero,1,迅疾闪光,item_swift_blink,levels/ch25/enemies/2/items/1
ch25,25,2,露娜,npc_dota_hero_luna,28,hero,2,幻影斧,item_manta,levels/ch25/enemies/2/items/2
ch25,25,2,露娜,npc_dota_hero_luna,28,hero,3,黑皇杖,item_black_king_bar,levels/ch25/enemies/2/items/3
ch25,25,2,露娜,npc_dota_hero_luna,28,hero,4,蝴蝶,item_butterfly,levels/ch25/enemies/2/items/4
ch25,25,2,露娜,npc_dota_hero_luna,28,hero,5,撒旦之邪力,item_satanic,levels/ch25/enemies/2/items/5
ch25,25,2,露娜,npc_dota_hero_luna,28,hero,6,代达罗斯之殇,item_greater_crit,levels/ch25/enemies/2/items/6
ch25,25,3,矮人直升机,npc_dota_hero_gyrocopter,28,hero,1,迅疾闪光,item_swift_blink,levels/ch25/enemies/3/items/1
ch25,25,3,矮人直升机,npc_dota_hero_gyrocopter,28,hero,2,阿哈利姆神杖,item_ultimate_scepter,levels/ch25/enemies/3/items/2
ch25,25,3,矮人直升机,npc_dota_hero_gyrocopter,28,hero,3,雷神之锤,item_mjollnir,levels/ch25/enemies/3/items/3
ch25,25,3,矮人直升机,npc_dota_hero_gyrocopter,28,hero,4,黑皇杖,item_black_king_bar,levels/ch25/enemies/3/items/4
ch25,25,3,矮人直升机,npc_dota_hero_gyrocopter,28,hero,5,代达罗斯之殇,item_greater_crit,levels/ch25/enemies/3/items/5
ch25,25,3,矮人直升机,npc_dota_hero_gyrocopter,28,hero,6,撒旦之邪力,item_satanic,levels/ch25/enemies/3/items/6
ch25,25,4,血魔,npc_dota_hero_bloodseeker,28,hero,1,迅疾闪光,item_swift_blink,levels/ch25/enemies/4/items/1
ch25,25,4,血魔,npc_dota_hero_bloodseeker,28,hero,2,雷神之锤,item_mjollnir,levels/ch25/enemies/4/items/2
ch25,25,4,血魔,npc_dota_hero_bloodseeker,28,hero,3,深渊之刃,item_abyssal_blade,levels/ch25/enemies/4/items/3
ch25,25,4,血魔,npc_dota_hero_bloodseeker,28,hero,4,黑皇杖,item_black_king_bar,levels/ch25/enemies/4/items/4
ch25,25,4,血魔,npc_dota_hero_bloodseeker,28,hero,5,蝴蝶,item_butterfly,levels/ch25/enemies/4/items/5
ch25,25,4,血魔,npc_dota_hero_bloodseeker,28,hero,6,撒旦之邪力,item_satanic,levels/ch25/enemies/4/items/6
ch25,25,5,食人魔魔法师,npc_dota_hero_ogre_magi,28,hero,1,宽容之靴,item_boots_of_bearing,levels/ch25/enemies/5/items/1
ch25,25,5,食人魔魔法师,npc_dota_hero_ogre_magi,28,hero,2,微光披风,item_glimmer_cape,levels/ch25/enemies/5/items/2
ch25,25,5,食人魔魔法师,npc_dota_hero_ogre_magi,28,hero,3,玲珑心,item_octarine_core,levels/ch25/enemies/5/items/3
ch25,25,5,食人魔魔法师,npc_dota_hero_ogre_magi,28,hero,4,风之杖,item_wind_waker,levels/ch25/enemies/5/items/4
ch25,25,5,食人魔魔法师,npc_dota_hero_ogre_magi,28,hero,5,阿哈利姆神杖,item_ultimate_scepter,levels/ch25/enemies/5/items/5
ch25,25,5,食人魔魔法师,npc_dota_hero_ogre_magi,28,hero,6,邪恶镰刀,item_sheepstick,levels/ch25/enemies/5/items/6
ch25,25,6,龙骑士,npc_dota_hero_dragon_knight,28,hero,1,盛势闪光,item_overwhelming_blink,levels/ch25/enemies/6/items/1
ch25,25,6,龙骑士,npc_dota_hero_dragon_knight,28,hero,2,强袭胸甲,item_assault,levels/ch25/enemies/6/items/2
ch25,25,6,龙骑士,npc_dota_hero_dragon_knight,28,hero,3,黑皇杖,item_black_king_bar,levels/ch25/enemies/6/items/3
ch25,25,6,龙骑士,npc_dota_hero_dragon_knight,28,hero,4,撒旦之邪力,item_satanic,levels/ch25/enemies/6/items/4
ch25,25,6,龙骑士,npc_dota_hero_dragon_knight,28,hero,5,代达罗斯之殇,item_greater_crit,levels/ch25/enemies/6/items/5
ch25,25,6,龙骑士,npc_dota_hero_dragon_knight,28,hero,6,恐鳌之心,item_heart,levels/ch25/enemies/6/items/6
ch25,25,7,邪影芳灵,npc_dota_hero_dark_willow,28,hero,1,宽容之靴,item_boots_of_bearing,levels/ch25/enemies/7/items/1
ch25,25,7,邪影芳灵,npc_dota_hero_dark_willow,28,hero,2,风之杖,item_wind_waker,levels/ch25/enemies/7/items/2
ch25,25,7,邪影芳灵,npc_dota_hero_dark_willow,28,hero,3,秘奥闪光,item_arcane_blink,levels/ch25/enemies/7/items/3
ch25,25,7,邪影芳灵,npc_dota_hero_dark_willow,28,hero,4,微光披风,item_glimmer_cape,levels/ch25/enemies/7/items/4
ch25,25,7,邪影芳灵,npc_dota_hero_dark_willow,28,hero,5,阿哈利姆神杖,item_ultimate_scepter,levels/ch25/enemies/7/items/5
ch25,25,7,邪影芳灵,npc_dota_hero_dark_willow,28,hero,6,永恒之盘,item_aeon_disk,levels/ch25/enemies/7/items/6
ch27,27,1,哈斯卡,npc_dota_hero_huskar,29,hero,1,盛势闪光,item_overwhelming_blink,levels/ch27/enemies/1/items/1
ch27,27,1,哈斯卡,npc_dota_hero_huskar,29,hero,2,天堂之戟,item_heavens_halberd,levels/ch27/enemies/1/items/2
ch27,27,1,哈斯卡,npc_dota_hero_huskar,29,hero,3,黑皇杖,item_black_king_bar,levels/ch27/enemies/1/items/3
ch27,27,1,哈斯卡,npc_dota_hero_huskar,29,hero,4,阿哈利姆神杖,item_ultimate_scepter,levels/ch27/enemies/1/items/4
ch27,27,1,哈斯卡,npc_dota_hero_huskar,29,hero,5,撒旦之邪力,item_satanic,levels/ch27/enemies/1/items/5
ch27,27,1,哈斯卡,npc_dota_hero_huskar,29,hero,6,强袭胸甲,item_assault,levels/ch27/enemies/1/items/6
ch27,27,2,斯拉克,npc_dota_hero_slark,29,hero,1,迅疾闪光,item_swift_blink,levels/ch27/enemies/2/items/1
ch27,27,2,斯拉克,npc_dota_hero_slark,29,hero,2,散魂剑,item_disperser,levels/ch27/enemies/2/items/2
ch27,27,2,斯拉克,npc_dota_hero_slark,29,hero,3,阿哈利姆神杖,item_ultimate_scepter,levels/ch27/enemies/2/items/3
ch27,27,2,斯拉克,npc_dota_hero_slark,29,hero,4,黑皇杖,item_black_king_bar,levels/ch27/enemies/2/items/4
ch27,27,2,斯拉克,npc_dota_hero_slark,29,hero,5,斯嘉蒂之眼,item_skadi,levels/ch27/enemies/2/items/5
ch27,27,2,斯拉克,npc_dota_hero_slark,29,hero,6,蝴蝶,item_butterfly,levels/ch27/enemies/2/items/6
ch27,27,3,巨魔战将,npc_dota_hero_troll_warlord,29,hero,1,迅疾闪光,item_swift_blink,levels/ch27/enemies/3/items/1
ch27,27,3,巨魔战将,npc_dota_hero_troll_warlord,29,hero,2,散夜对剑,item_sange_and_yasha,levels/ch27/enemies/3/items/2
ch27,27,3,巨魔战将,npc_dota_hero_troll_warlord,29,hero,3,黑皇杖,item_black_king_bar,levels/ch27/enemies/3/items/3
ch27,27,3,巨魔战将,npc_dota_hero_troll_warlord,29,hero,4,撒旦之邪力,item_satanic,levels/ch27/enemies/3/items/4
ch27,27,3,巨魔战将,npc_dota_hero_troll_warlord,29,hero,5,深渊之刃,item_abyssal_blade,levels/ch27/enemies/3/items/5
ch27,27,3,巨魔战将,npc_dota_hero_troll_warlord,29,hero,6,蝴蝶,item_butterfly,levels/ch27/enemies/3/items/6
ch27,27,4,熊战士,npc_dota_hero_ursa,29,hero,1,迅疾闪光,item_swift_blink,levels/ch27/enemies/4/items/1
ch27,27,4,熊战士,npc_dota_hero_ursa,29,hero,2,深渊之刃,item_abyssal_blade,levels/ch27/enemies/4/items/2
ch27,27,4,熊战士,npc_dota_hero_ursa,29,hero,3,黑皇杖,item_black_king_bar,levels/ch27/enemies/4/items/3
ch27,27,4,熊战士,npc_dota_hero_ursa,29,hero,4,撒旦之邪力,item_satanic,levels/ch27/enemies/4/items/4
ch27,27,4,熊战士,npc_dota_hero_ursa,29,hero,5,蝴蝶,item_butterfly,levels/ch27/enemies/4/items/5
ch27,27,4,熊战士,npc_dota_hero_ursa,29,hero,6,否决坠饰,item_nullifier,levels/ch27/enemies/4/items/6
ch27,27,5,水晶室女,npc_dota_hero_crystal_maiden,29,hero,1,宽容之靴,item_boots_of_bearing,levels/ch27/enemies/5/items/1
ch27,27,5,水晶室女,npc_dota_hero_crystal_maiden,29,hero,2,微光披风,item_glimmer_cape,levels/ch27/enemies/5/items/2
ch27,27,5,水晶室女,npc_dota_hero_crystal_maiden,29,hero,3,秘奥闪光,item_arcane_blink,levels/ch27/enemies/5/items/3
ch27,27,5,水晶室女,npc_dota_hero_crystal_maiden,29,hero,4,黑皇杖,item_black_king_bar,levels/ch27/enemies/5/items/4
ch27,27,5,水晶室女,npc_dota_hero_crystal_maiden,29,hero,5,阿哈利姆神杖,item_ultimate_scepter,levels/ch27/enemies/5/items/5
ch27,27,5,水晶室女,npc_dota_hero_crystal_maiden,29,hero,6,邪恶镰刀,item_sheepstick,levels/ch27/enemies/5/items/6
ch27,27,6,沙王,npc_dota_hero_sand_king,29,hero,1,强袭胸甲,item_assault,levels/ch27/enemies/6/items/1
ch27,27,6,沙王,npc_dota_hero_sand_king,29,hero,2,盛势闪光,item_overwhelming_blink,levels/ch27/enemies/6/items/2
ch27,27,6,沙王,npc_dota_hero_sand_king,29,hero,3,阿哈利姆神杖,item_ultimate_scepter,levels/ch27/enemies/6/items/3
ch27,27,6,沙王,npc_dota_hero_sand_king,29,hero,4,黑皇杖,item_black_king_bar,levels/ch27/enemies/6/items/4
ch27,27,6,沙王,npc_dota_hero_sand_king,29,hero,5,希瓦的守护,item_shivas_guard,levels/ch27/enemies/6/items/5
ch27,27,6,沙王,npc_dota_hero_sand_king,29,hero,6,玲珑心,item_octarine_core,levels/ch27/enemies/6/items/6
ch27,27,7,巫医,npc_dota_hero_witch_doctor,29,hero,1,宽容之靴,item_boots_of_bearing,levels/ch27/enemies/7/items/1
ch27,27,7,巫医,npc_dota_hero_witch_doctor,29,hero,2,微光披风,item_glimmer_cape,levels/ch27/enemies/7/items/2
ch27,27,7,巫医,npc_dota_hero_witch_doctor,29,hero,3,阿哈利姆神杖,item_ultimate_scepter,levels/ch27/enemies/7/items/3
ch27,27,7,巫医,npc_dota_hero_witch_doctor,29,hero,4,黑皇杖,item_black_king_bar,levels/ch27/enemies/7/items/4
ch27,27,7,巫医,npc_dota_hero_witch_doctor,29,hero,5,玲珑心,item_octarine_core,levels/ch27/enemies/7/items/5
ch27,27,7,巫医,npc_dota_hero_witch_doctor,29,hero,6,邪恶镰刀,item_sheepstick,levels/ch27/enemies/7/items/6
ch28,28,1,半人马战行者,npc_dota_hero_centaur,29,hero,1,强袭胸甲,item_assault,levels/ch28/enemies/1/items/1
ch28,28,1,半人马战行者,npc_dota_hero_centaur,29,hero,2,盛势闪光,item_overwhelming_blink,levels/ch28/enemies/1/items/2
ch28,28,1,半人马战行者,npc_dota_hero_centaur,29,hero,3,恐鳌之心,item_heart,levels/ch28/enemies/1/items/3
ch28,28,1,半人马战行者,npc_dota_hero_centaur,29,hero,4,洞察烟斗,item_pipe,levels/ch28/enemies/1/items/4
ch28,28,1,半人马战行者,npc_dota_hero_centaur,29,hero,5,阿哈利姆神杖,item_ultimate_scepter,levels/ch28/enemies/1/items/5
ch28,28,1,半人马战行者,npc_dota_hero_centaur,29,hero,6,黑皇杖,item_black_king_bar,levels/ch28/enemies/1/items/6
ch28,28,2,敌法师,npc_dota_hero_antimage,29,hero,1,迅疾闪光,item_swift_blink,levels/ch28/enemies/2/items/1
ch28,28,2,敌法师,npc_dota_hero_antimage,29,hero,2,幻影斧,item_manta,levels/ch28/enemies/2/items/2
ch28,28,2,敌法师,npc_dota_hero_antimage,29,hero,3,深渊之刃,item_abyssal_blade,levels/ch28/enemies/2/items/3
ch28,28,2,敌法师,npc_dota_hero_antimage,29,hero,4,斯嘉蒂之眼,item_skadi,levels/ch28/enemies/2/items/4
ch28,28,2,敌法师,npc_dota_hero_antimage,29,hero,5,蝴蝶,item_butterfly,levels/ch28/enemies/2/items/5
ch28,28,2,敌法师,npc_dota_hero_antimage,29,hero,6,血棘,item_bloodthorn,levels/ch28/enemies/2/items/6
ch28,28,3,幻影长矛手,npc_dota_hero_phantom_lancer,29,hero,1,迅疾闪光,item_swift_blink,levels/ch28/enemies/3/items/1
ch28,28,3,幻影长矛手,npc_dota_hero_phantom_lancer,29,hero,2,散魂剑,item_disperser,levels/ch28/enemies/3/items/2
ch28,28,3,幻影长矛手,npc_dota_hero_phantom_lancer,29,hero,3,阿哈利姆神杖,item_ultimate_scepter,levels/ch28/enemies/3/items/3
ch28,28,3,幻影长矛手,npc_dota_hero_phantom_lancer,29,hero,4,幻影斧,item_manta,levels/ch28/enemies/3/items/4
ch28,28,3,幻影长矛手,npc_dota_hero_phantom_lancer,29,hero,5,斯嘉蒂之眼,item_skadi,levels/ch28/enemies/3/items/5
ch28,28,3,幻影长矛手,npc_dota_hero_phantom_lancer,29,hero,6,恐鳌之心,item_heart,levels/ch28/enemies/3/items/6
ch28,28,4,圣堂刺客,npc_dota_hero_templar_assassin,29,hero,1,蝴蝶,item_butterfly,levels/ch28/enemies/4/items/1
ch28,28,4,圣堂刺客,npc_dota_hero_templar_assassin,29,hero,2,黯灭,item_desolator,levels/ch28/enemies/4/items/2
ch28,28,4,圣堂刺客,npc_dota_hero_templar_assassin,29,hero,3,迅疾闪光,item_swift_blink,levels/ch28/enemies/4/items/3
ch28,28,4,圣堂刺客,npc_dota_hero_templar_assassin,29,hero,4,黑皇杖,item_black_king_bar,levels/ch28/enemies/4/items/4
ch28,28,4,圣堂刺客,npc_dota_hero_templar_assassin,29,hero,5,代达罗斯之殇,item_greater_crit,levels/ch28/enemies/4/items/5
ch28,28,4,圣堂刺客,npc_dota_hero_templar_assassin,29,hero,6,飓风长戟,item_hurricane_pike,levels/ch28/enemies/4/items/6
ch28,28,5,神谕者,npc_dota_hero_oracle,29,hero,1,卫士胫甲,item_guardian_greaves,levels/ch28/enemies/5/items/1
ch28,28,5,神谕者,npc_dota_hero_oracle,29,hero,2,微光披风,item_glimmer_cape,levels/ch28/enemies/5/items/2
ch28,28,5,神谕者,npc_dota_hero_oracle,29,hero,3,秘奥闪光,item_arcane_blink,levels/ch28/enemies/5/items/3
ch28,28,5,神谕者,npc_dota_hero_oracle,29,hero,4,阿哈利姆神杖,item_ultimate_scepter,levels/ch28/enemies/5/items/4
ch28,28,5,神谕者,npc_dota_hero_oracle,29,hero,5,永恒之盘,item_aeon_disk,levels/ch28/enemies/5/items/5
ch28,28,5,神谕者,npc_dota_hero_oracle,29,hero,6,邪恶镰刀,item_sheepstick,levels/ch28/enemies/5/items/6
ch28,28,6,潮汐猎人,npc_dota_hero_tidehunter,29,hero,1,盛势闪光,item_overwhelming_blink,levels/ch28/enemies/6/items/1
ch28,28,6,潮汐猎人,npc_dota_hero_tidehunter,29,hero,2,阿哈利姆神杖,item_ultimate_scepter,levels/ch28/enemies/6/items/2
ch28,28,6,潮汐猎人,npc_dota_hero_tidehunter,29,hero,3,洞察烟斗,item_pipe,levels/ch28/enemies/6/items/3
ch28,28,6,潮汐猎人,npc_dota_hero_tidehunter,29,hero,4,希瓦的守护,item_shivas_guard,levels/ch28/enemies/6/items/4
ch28,28,6,潮汐猎人,npc_dota_hero_tidehunter,29,hero,5,刷新球,item_refresher,levels/ch28/enemies/6/items/5
ch28,28,6,潮汐猎人,npc_dota_hero_tidehunter,29,hero,6,卫士胫甲,item_guardian_greaves,levels/ch28/enemies/6/items/6
ch28,28,7,戴泽,npc_dota_hero_dazzle,29,hero,1,卫士胫甲,item_guardian_greaves,levels/ch28/enemies/7/items/1
ch28,28,7,戴泽,npc_dota_hero_dazzle,29,hero,2,微光披风,item_glimmer_cape,levels/ch28/enemies/7/items/2
ch28,28,7,戴泽,npc_dota_hero_dazzle,29,hero,3,清莲宝珠,item_lotus_orb,levels/ch28/enemies/7/items/3
ch28,28,7,戴泽,npc_dota_hero_dazzle,29,hero,4,邪恶镰刀,item_sheepstick,levels/ch28/enemies/7/items/4
ch28,28,7,戴泽,npc_dota_hero_dazzle,29,hero,5,玲珑心,item_octarine_core,levels/ch28/enemies/7/items/5
ch28,28,7,戴泽,npc_dota_hero_dazzle,29,hero,6,秘奥闪光,item_arcane_blink,levels/ch28/enemies/7/items/6
ch29,29,1,钢背兽,npc_dota_hero_bristleback,30,hero,1,盛势闪光,item_overwhelming_blink,levels/ch29/enemies/1/items/1
ch29,29,1,钢背兽,npc_dota_hero_bristleback,30,hero,2,血精石,item_bloodstone,levels/ch29/enemies/1/items/2
ch29,29,1,钢背兽,npc_dota_hero_bristleback,30,hero,3,散夜对剑,item_sange_and_yasha,levels/ch29/enemies/1/items/3
ch29,29,1,钢背兽,npc_dota_hero_bristleback,30,hero,4,清莲宝珠,item_lotus_orb,levels/ch29/enemies/1/items/4
ch29,29,1,钢背兽,npc_dota_hero_bristleback,30,hero,5,希瓦的守护,item_shivas_guard,levels/ch29/enemies/1/items/5
ch29,29,1,钢背兽,npc_dota_hero_bristleback,30,hero,6,阿哈利姆神杖,item_ultimate_scepter,levels/ch29/enemies/1/items/6
ch29,29,2,影魔,npc_dota_hero_nevermore,30,hero,1,迅疾闪光,item_swift_blink,levels/ch29/enemies/2/items/1
ch29,29,2,影魔,npc_dota_hero_nevermore,30,hero,2,飓风长戟,item_hurricane_pike,levels/ch29/enemies/2/items/2
ch29,29,2,影魔,npc_dota_hero_nevermore,30,hero,3,幻影斧,item_manta,levels/ch29/enemies/2/items/3
ch29,29,2,影魔,npc_dota_hero_nevermore,30,hero,4,黑皇杖,item_black_king_bar,levels/ch29/enemies/2/items/4
ch29,29,2,影魔,npc_dota_hero_nevermore,30,hero,5,代达罗斯之殇,item_greater_crit,levels/ch29/enemies/2/items/5
ch29,29,2,影魔,npc_dota_hero_nevermore,30,hero,6,撒旦之邪力,item_satanic,levels/ch29/enemies/2/items/6
ch29,29,3,死亡先知,npc_dota_hero_death_prophet,30,hero,1,秘奥闪光,item_arcane_blink,levels/ch29/enemies/3/items/1
ch29,29,3,死亡先知,npc_dota_hero_death_prophet,30,hero,2,风之杖,item_wind_waker,levels/ch29/enemies/3/items/2
ch29,29,3,死亡先知,npc_dota_hero_death_prophet,30,hero,3,黑皇杖,item_black_king_bar,levels/ch29/enemies/3/items/3
ch29,29,3,死亡先知,npc_dota_hero_death_prophet,30,hero,4,散慧对剑,item_kaya_and_sange,levels/ch29/enemies/3/items/4
ch29,29,3,死亡先知,npc_dota_hero_death_prophet,30,hero,5,希瓦的守护,item_shivas_guard,levels/ch29/enemies/3/items/5
ch29,29,3,死亡先知,npc_dota_hero_death_prophet,30,hero,6,玲珑心,item_octarine_core,levels/ch29/enemies/3/items/6
ch29,29,4,瘟疫法师,npc_dota_hero_necrolyte,30,hero,1,秘奥闪光,item_arcane_blink,levels/ch29/enemies/4/items/1
ch29,29,4,瘟疫法师,npc_dota_hero_necrolyte,30,hero,2,辉耀,item_radiance,levels/ch29/enemies/4/items/2
ch29,29,4,瘟疫法师,npc_dota_hero_necrolyte,30,hero,3,散慧对剑,item_kaya_and_sange,levels/ch29/enemies/4/items/3
ch29,29,4,瘟疫法师,npc_dota_hero_necrolyte,30,hero,4,黑皇杖,item_black_king_bar,levels/ch29/enemies/4/items/4
ch29,29,4,瘟疫法师,npc_dota_hero_necrolyte,30,hero,5,恐鳌之心,item_heart,levels/ch29/enemies/4/items/5
ch29,29,4,瘟疫法师,npc_dota_hero_necrolyte,30,hero,6,希瓦的守护,item_shivas_guard,levels/ch29/enemies/4/items/6
ch29,29,5,巫妖,npc_dota_hero_lich,30,hero,1,宽容之靴,item_boots_of_bearing,levels/ch29/enemies/5/items/1
ch29,29,5,巫妖,npc_dota_hero_lich,30,hero,2,微光披风,item_glimmer_cape,levels/ch29/enemies/5/items/2
ch29,29,5,巫妖,npc_dota_hero_lich,30,hero,3,秘奥闪光,item_arcane_blink,levels/ch29/enemies/5/items/3
ch29,29,5,巫妖,npc_dota_hero_lich,30,hero,4,阿哈利姆神杖,item_ultimate_scepter,levels/ch29/enemies/5/items/4
ch29,29,5,巫妖,npc_dota_hero_lich,30,hero,5,风之杖,item_wind_waker,levels/ch29/enemies/5/items/5
ch29,29,5,巫妖,npc_dota_hero_lich,30,hero,6,永恒之盘,item_aeon_disk,levels/ch29/enemies/5/items/6
ch29,29,6,斯拉达,npc_dota_hero_slardar,30,hero,1,盛势闪光,item_overwhelming_blink,levels/ch29/enemies/6/items/1
ch29,29,6,斯拉达,npc_dota_hero_slardar,30,hero,2,鱼叉,item_harpoon,levels/ch29/enemies/6/items/2
ch29,29,6,斯拉达,npc_dota_hero_slardar,30,hero,3,黑皇杖,item_black_king_bar,levels/ch29/enemies/6/items/3
ch29,29,6,斯拉达,npc_dota_hero_slardar,30,hero,4,阿哈利姆神杖,item_ultimate_scepter,levels/ch29/enemies/6/items/4
ch29,29,6,斯拉达,npc_dota_hero_slardar,30,hero,5,否决坠饰,item_nullifier,levels/ch29/enemies/6/items/5
ch29,29,6,斯拉达,npc_dota_hero_slardar,30,hero,6,强袭胸甲,item_assault,levels/ch29/enemies/6/items/6
ch29,29,7,莱恩,npc_dota_hero_lion,30,hero,1,宽容之靴,item_boots_of_bearing,levels/ch29/enemies/7/items/1
ch29,29,7,莱恩,npc_dota_hero_lion,30,hero,2,秘奥闪光,item_arcane_blink,levels/ch29/enemies/7/items/2
ch29,29,7,莱恩,npc_dota_hero_lion,30,hero,3,风之杖,item_wind_waker,levels/ch29/enemies/7/items/3
ch29,29,7,莱恩,npc_dota_hero_lion,30,hero,4,微光披风,item_glimmer_cape,levels/ch29/enemies/7/items/4
ch29,29,7,莱恩,npc_dota_hero_lion,30,hero,5,阿哈利姆神杖,item_ultimate_scepter,levels/ch29/enemies/7/items/5
ch29,29,7,莱恩,npc_dota_hero_lion,30,hero,6,永恒之盘,item_aeon_disk,levels/ch29/enemies/7/items/6
ch30,30,1,冥魂大帝,npc_dota_hero_skeleton_king,30,boss,1,盛势闪光,item_overwhelming_blink,levels/ch30/enemies/1/items/1
ch30,30,1,冥魂大帝,npc_dota_hero_skeleton_king,30,boss,2,辉耀,item_radiance,levels/ch30/enemies/1/items/2
ch30,30,1,冥魂大帝,npc_dota_hero_skeleton_king,30,boss,3,黑皇杖,item_black_king_bar,levels/ch30/enemies/1/items/3
ch30,30,1,冥魂大帝,npc_dota_hero_skeleton_king,30,boss,4,强袭胸甲,item_assault,levels/ch30/enemies/1/items/4
ch30,30,1,冥魂大帝,npc_dota_hero_skeleton_king,30,boss,5,深渊之刃,item_abyssal_blade,levels/ch30/enemies/1/items/5
ch30,30,1,冥魂大帝,npc_dota_hero_skeleton_king,30,boss,6,撒旦之邪力,item_satanic,levels/ch30/enemies/1/items/6
